source_publication,target_publication,source_page_id,target_page_id,source_date,target_date,ngram_similarity,shingle_similarity,combined_similarity,shared_content,source_context,target_context,source_window_id,target_window_id,source_combined_id,target_combined_id,source_start_word,source_end_word,target_start_word,target_end_word,source_total_page_words,target_total_page_words,reuse_type
AtalantaVol1No2,GoldFlower,19,309,1975-05-01,1975-06-01,0.09776536312849161,0.143952802359882,0.12547782666732585,be expected to attend school as long as he does and bringing her education to an end earlier coincides with the role typing society has long imposed,ywca p m calendar events line minimum two lines send information and pre payment to alert p o box elmwood ct our courts continued from page the two on educational grounds is self serving if the female is not to be supported so long as the male she hardly can be expected to attend school as long as he does and bringing her education to an end earlier coincides with the role typing society has long imposed whether the court will continue to strike down statutes with sex classifications may be noticeable the court presently has two cases before it involving in some manner statutes with sex classifications one statute excusing women from jury duty,if a specified age of majority is required for the boy in order to assure him paren tal support while he attains his education and train ing so too it is for the girl if the female is not to be supported so long as the male she can hardly be expected to attend school as long as he does and bringing her education to an end earlier coincides with the role typing society has long imposed three cheers for blackmun hew marches backward local schools working to eliminate sex discrimination can expect to get only half as much federal help as schools working on race discrimination according to amended regulations proposed by the department of health education and welfare,9,1,19_w9,309_w1,1350,1550,150,350,2077,1130,minimal_reuse
AtalantaVol1No2,GoldFlower,21,309,1975-05-01,1975-06-01,0.07945205479452055,0.18718274111675126,0.14409046658785898,longer is the female destined solely for the home and the rearing of,also stated that the old notions no longer give rationality to the distinction in the statute furthermore the court stated that n o longer is the female destined solely for the home and the rearing of the family and only the male for the marketplace and world of ideas women s activities and responsibilities are increasing and expanding coeducation is a fact not a rarity the presence of women in business in the professions in government and indeed in all walks of life where education is,the law was reasonably designed to prepare the sexes for their expected roles longer dependency for males who need to train themselves as family providers shorter de pendency for girls who tend to mature faster and marry earlier contending that the arguments lacked a rational basis the court said no longer is the female destined solely for the home and the rearing of family and only the male for the marketplace and the world of ideas if a specified age of majority is required for the boy in order to assure him paren tal support while he attains his education and train ing so too it is for the girl if the female,4,1,21_w4,309_w1,600,800,150,350,1294,1130,minimal_reuse
GoldFlower,AintIAWoman,95,884,1972-11-01,1974-05-01,0.234375,0.3501577287066246,0.30384463722397476,i m sorry but the text you provided appears to be incomplete or,i m sorry but the text you provided appears to be incomplete or not representative of a historical document please provide a more substantial excerpt for correction and i will be happy to assist you,i m sorry but the text you provided appears to be incomplete or garbled making it difficult to correct while preserving meaning and context if you have a more complete or clearer version of the text please provide it and i will be happy to assist you with the corrections,0,0,95_w0,884_w0,0,35,0,50,35,50,partial_reuse
GoldFlower,ChangingWoman,202,435,1973-12-01,1972-05-15,0.30049261083743845,0.3231638418079096,0.3140953494197211,important process the entire text from beginning to end do not stop early or truncate rules fix obvious ocr errors like instead of o instead of l preserve the original line breaks and text blocks preserve the original meaning and historical context do not add any additional text do not delete any text process every line do not skip any content original ocr text,important process the entire text from beginning to end do not stop early or truncate rules fix obvious ocr errors like instead of o instead of l preserve the original line breaks and text blocks preserve the original meaning and historical context do not add any additional text do not delete any text process every line do not skip any content original ocr text vol nov dec corrected text vol nov dec,important process the entire text from beginning to end do not stop early or truncate rules fix obvious ocr errors like instead of o instead of l preserve the original line breaks and text blocks preserve the original meaning and historical context do not add any additional text do not delete any text process every line do not skip any content original ocr text pn sa ae n ae a nn sa co xo rss s aa entries for calendar of events must be in by the th and the th of every month may monday meeting with portland mayoral candidate neil s w th attend the mock democratic convention by the portland area,0,0,202_w0,435_w0,0,72,0,200,72,673,partial_reuse
GoldFlower,AintIAWoman,239,885,1974-01-01,1974-05-01,0.0996309963099631,0.16136919315403422,0.13667391441640578,a special double issue on women s labor the political economy of house work the family wage labor british women s liberation and labor struggles pages from radical america,graduates of the university of minnesota law school oakes previously was an as sistant attorney general for the state of minnesota the first woman to be promoted to that post while lansing was a city attorney in st paul the first woman to be appointed to that position radical america a special double issue on women s labor the political economy of house work the family wage labor british women s liberation and labor struggles pages from radical america upland rd cam bridge massachusetts,a special double issue on women s labor the political economy of house work the family wage labor british women s liberation and labor struggles pages from radical america jpland rd cam bridge massachusetts oe a ae g _ o rs pe ee ee ee s ie ee ee wagm he hh we uri of massachusetts soe te tr yorst mass ae ss a o ere ee goo u br é s nag ya te l adoan lesbian poetry,5,0,239_w5,885_w0,750,856,0,200,856,335,minimal_reuse
GoldFlower,BigMammaRag,264,1609,1974-08-01,1975-09-01,0.050666666666666665,0.1683343143025309,0.12126725524818521,in be denied the benefits of or be subjected to discrimination under any,proposed regulations for interpretation and enforcement of title ix of the education act amendments of the regulations are designed to particularize the general anti sex discrimination stipula tion of title ix which says that no person in the united states shall on the basis of sex be excluded from participation in be denied the benefits of or be subjected to discrimination under any education program or activity receiving federal financial as sistance generally the regulations call for equal access and participation by both sexes in course offerings extracurricular activi ties and provision and use of facilities in athletics which has been a hotly de bated area of the regulations the proposed guidelines fall,discussion centered around title ix a federal law stating in part no person shall on the basis of sex be excluded from participa tion in be denied the benefits of or be subjected to discrimination under any educational program or activity receiving federal financial assistance ms beal clarified this law to the women present and applied it to inter scholastic sports and athletic scholarships for college bound women thursday august clare strawn a member of the bmr collective and janine bertram from the lesbian feminist radio collective,4,14,264_w4,1609_w14,600,800,2100,2300,942,2451,minimal_reuse
GoldFlower,BigMammaRag,270,1632,1974-08-01,1974-07-01,0.0681198910081744,0.21981424148606812,0.15913650129491064,women s studies are controlled by men or locked into a system that does not allow adequate freedom for maximum intellectual growth,the ancient amazons is meant to be a feminist humanist alternative to existing patriarchal society schools of higher education dr peters said that the institute would offer a greater degree of academic freedom than is found currently at colleges and universities offering women s studies in many schools she asserted women s studies are controlled by men or locked into a system that does not allow adequate freedom for maximum intellectual growth courses at the institute which will begin with two five week summer sessions next year will include political theory women s history psychology creative writing and journalism all taught from a feminist perspective tuition will be arranged according to a sliding scale based on ability to pay and will include,need for the study of unadulterated feminist philosophy dr joan peters one of the founders said in an interview that there will be greater academic freedom than found at any college or university offering women s studies present courses leave something to be desired she said in many schools the women s studies are controlled by men or locked into a system that does not allow adequate freedom for maximum intellectual growth dr peters of goddard college in plainfield vt and brooklyn n y told how the institute got its name the name was taken from the sagaris the double edged sword of the ancient amazons who according to mythology were militant only when necessary to protect themselves from aggressors the amazons,1,2,270_w1,1632_w2,150,350,300,500,497,974,minimal_reuse
GoldFlower,BigMammaRag,270,1632,1974-08-01,1974-07-01,0.05929919137466307,0.18223234624145787,0.13305908429473995,is meant to be a feminist humanist alternative to existing patriarchal society schools of higher education dr peters said,community store th st se feminist institute to open in a group of leading women writers teachers and activists has announced plans for a feminist institute in burlington vermont according to spokeswoman joan peters the institute which will be named sagaris after the double edged sword of the ancient amazons is meant to be a feminist humanist alternative to existing patriarchal society schools of higher education dr peters said that the institute would offer a greater degree of academic freedom than is found currently at colleges and universities offering women s studies in many schools she asserted women s studies are controlled by men or locked into a system that does not allow adequate freedom for maximum intellectual growth,themselves from aggressors the amazons mythology holds were powerfully strong women who waged war on the oppressors dr peters stressed that they take sagaris in a political and not a military sense our institute which we call an institute to allow ourselves the intellectual freedom not possible in establishment colleges is meant to be a feminist humanist alternative to existing patriarchal society schools of higher education dr peters said the founders include writers teachers and activists among them is blanche boyd author of a book titled nerves also involved according to dr peters is ti grace atkinson pioneer theoretician of the women s movement in america girl gets mary joyce who complained to her boss about calling her the,1,3,270_w1,1632_w3,150,350,450,650,497,974,minimal_reuse
GoldFlower,BigMammaRag,271,1593,1974-08-01,1975-08-01,0.12840466926070038,0.20422535211267606,0.17389707897188578,and ideals of a new feminist consciousness interviews focusing on local feminists poetry exploring a female art form health discovering and defending our bodies individual subs institutions,n y a a ror typewriter file cabinet postage will be paid by and the prestige of running your boss business speedwriting west nd street ses a pte teen new york new york news covering feminist activities colorado s monthly women s journal in the west theory developing the ideas and ideals of a new feminist consciousness interviews focusing on local feminists poetry exploring a female art form health discovering and defending our bodies individual subs institutions q institutions sample or back copy bulk rates available gaylord st denver co,and ideals of a new feminist consciousness interviews focusing on local feminists poetry exploring a female art form health discovering and defending our bodies individual subs institutions sample or back copy bulk rates available gaylord st denver co justice only shackled in transport to the hospital but they were shackled to their beds as well men on the other hand have not been shackled to their beds except in cases where a dangerous prisoner made such action,2,11,271_w2,1593_w11,300,397,1650,1850,397,1858,minimal_reuse
GoldFlower,BigMammaRag,271,1623,1974-08-01,1975-10-01,0.17391304347826086,0.3059360730593607,0.2531268612269208,in the west theory developing the ideas and ideals of a new feminist consciousness interviews focusing on local feminists poetry exploring a female art form,the united states permit no new york n y a a ror typewriter file cabinet postage will be paid by and the prestige of running your boss business speedwriting west nd street ses a pte teen new york new york news covering feminist activities colorado s monthly women s journal in the west theory developing the ideas and ideals of a new feminist consciousness interviews focusing on local feminists poetry exploring a female art form health discovering and defending our bodies individual subs institutions q institutions sample or back copy bulk rates available gaylord st denver co,laurel galana of aq because most of the issues are out of print gina and laurel will be publishing the lesbian reader an anthology of all three years of amazon quarterly it will be at the woman to woman bookstore as soon as it is available news covering feminist activities in the west theory developing the ideas and ideals of a new feminist consciousness interviews focusing on local feminists poetry exploring a female art form individual subs institutions sample or back copy bulk rates available gaylord st denver co,2,12,271_w2,1623_w12,300,397,1800,1925,397,1925,partial_reuse
GoldFlower,BigMammaRag,285,1552,1975-05-01,1975-05-01,0.3971631205673759,0.4688763136620857,0.44019103642420176,in the fall of although we know that lesbian poets are writing in all parts of the country we have not yet heard of most of these women excellent poems are going unread in large part for lack of publishing outlets and limited space in those that do exist we want both to open more space for these writers and to make their poetry visible to those presently unaware of the,hope have an effect on the congress and strengthen the supreme court decision best wishes sincerely donald m fraser amazon poetry we are inviting submission of poems to amazon poetry an anthology a collection of writing by living lesbian poets to be pub lished in the fall of although we know that lesbian poets are writing in all parts of the country we have not yet heard of most of these women excellent poems are going unread in large part for lack of publishing outlets and limited space in those that do exist we want both to open more space for these writers and to make their poetry visible to those presently unaware of the existence of a vital lesbian literature please send poems typed on ½x paper to amazon poetry rd street brooklyn new york include your name and address on each page of poetry you submit if a poem has been published previously please indicate this clearly on the same page as the,call macaroon productions debut concert will feature alix dobkin new york singer songwriter formerly with lavender jane to contact macaroon productions call the women s switchboard amazon poetry we are inviting submissions of poems to amazon poetry an anthology a collection of writing by living lesbian poets to be published in the fall of although we know that lesbian poets are writing in all parts of the country we have not yet heard of most of these women excellent poems are going unread in large part for lack of publishing outlets and limited space in those that do exist we want both to open more space for these writers and to make their poetry visible to those presently unaware of the ex istence of a vital lesbian literature please send poems typed on ½ x paper to amazon poetry rd street brooklyn new york include your name and address on each page of poetry you submit if a poem,4,2,285_w4,1552_w2,600,800,300,500,821,1719,moderate_reuse
GoldFlower,BigMammaRag,285,1552,1975-05-01,1975-05-01,0.2507936507936508,0.3736422881969587,0.32450283323563556,paper to amazon poetry rd street brooklyn new york include your name and address on each page of poetry you submit if a poem has been published previously please indicate this clearly on the same page as the poem itself so that we can request permission to reprint however no special preference will be given to previously,in large part for lack of publishing outlets and limited space in those that do exist we want both to open more space for these writers and to make their poetry visible to those presently unaware of the existence of a vital lesbian literature please send poems typed on ½x paper to amazon poetry rd street brooklyn new york include your name and address on each page of poetry you submit if a poem has been published previously please indicate this clearly on the same page as the poem itself so that we can request permission to reprint however no special preference will be given to previously pub lished poems only poems accompanied by a stamped self addressed envelope will be re turned,and to make their poetry visible to those presently unaware of the ex istence of a vital lesbian literature please send poems typed on ½ x paper to amazon poetry rd street brooklyn new york include your name and address on each page of poetry you submit if a poem has been published previously please indicate this clearly on the same page as the poem itself so that we can request permission to reprint however no special preference will be given to previously published poems only poems accompanied by a stamped self addressed envelope will be returned deadline july new alexandria library pledge drive for a long time the new alexandria library for lesbian women has been operating on a shoe string budget mo assured it is nowhere near adequate for building and,4,3,285_w4,1552_w3,600,800,450,650,821,1719,partial_reuse
GoldFlower,BigMammaRag,285,1552,1975-05-01,1975-05-01,0.17777777777777778,0.24438454627133874,0.21774183887391435,poem has been published previously please indicate this clearly on the same page as the poem itself so that we can request permission to reprint however no special preference will be given to previously,poem has been published previously please indicate this clearly on the same page as the poem itself so that we can request permission to reprint however no special preference will be given to previously pub lished poems only poems accompanied by a stamped self addressed envelope will be re turned deadline july supplies orchids minneapolis at reindeer square at find by critters trop sh house plants so snelling across from macalester,and to make their poetry visible to those presently unaware of the ex istence of a vital lesbian literature please send poems typed on ½ x paper to amazon poetry rd street brooklyn new york include your name and address on each page of poetry you submit if a poem has been published previously please indicate this clearly on the same page as the poem itself so that we can request permission to reprint however no special preference will be given to previously published poems only poems accompanied by a stamped self addressed envelope will be returned deadline july new alexandria library pledge drive for a long time the new alexandria library for lesbian women has been operating on a shoe string budget mo assured it is nowhere near adequate for building and,5,3,285_w5,1552_w3,750,821,450,650,821,1719,partial_reuse
GoldFlower,BigMammaRag,318,1613,1975-09-01,1975-09-01,0.16272189349112426,0.3575624082232012,0.2796262023303704,girls are between and years of age they are cir cumcised the clitoris is cut off,a sudanese and living in sudan i write to you on woman s situation here the woman is oppressed in total slavery but it is especially one of the links of her oppression that i would try to create an opinion against that link is circumcision actually amputation when the girls are between and years of age they are cir cumcised the clitoris is cut off the labia minor and labia major well after that the girl is sewn together and these stitches break at delivery of a child in addition to cutting off all those parts the va gina is also sewn together like a reinforced hymen so as a rule it takes several weeks,infant daughter who is married to a sudanese khartoum sudan april i write to you about the situation of women here women are oppressed in total slavery but it is especially of one aspect of that oppression i wish to tell you that aspect is circumci sion actually amputation when girls are between and years of age they are cir cumcised the clitoris is cut off as well as the labia minor and labia major after that the girl is sewn together and these stitches break at the delivery of a child in addition the vagina is sewn together like a reinforced hymen so as a rule it takes several weeks before a husband has penetrated,9,9,318_w9,1613_w9,1350,1550,1350,1550,1786,2070,partial_reuse
GoldFlower,BigMammaRag,318,1613,1975-09-01,1975-09-01,0.13544668587896252,0.2970365265334252,0.23240059027164015,sewn together like a reinforced hymen so as a rule it takes several weeks before,at delivery of a child in addition to cutting off all those parts the va gina is also sewn together like a reinforced hymen so as a rule it takes several weeks before the husband has penetrated his wife the amputation is executed in the home by a midwife the family has a big party when it is executed and everybody is happy the women sing and shout in order to overrule the cries of pain from the child if everything turns out,actually amputation when girls are between and years of age they are cir cumcised the clitoris is cut off as well as the labia minor and labia major after that the girl is sewn together and these stitches break at the delivery of a child in addition the vagina is sewn together like a reinforced hymen so as a rule it takes several weeks before a husband has penetrated his wife the amputation is executed at home by a midwife the family has a big party and everybody is happy the women sing and shout in order to drown the cries of pain from the child if every thing turns out well the parents are,10,9,318_w10,1613_w9,1500,1700,1350,1550,1786,2070,minimal_reuse
GoldFlower,BigMammaRag,318,1613,1975-09-01,1975-09-01,0.07671232876712329,0.16017587939698494,0.12679045914504028,and everybody is happy the women sing and shout in order to,off all those parts the va gina is also sewn together like a reinforced hymen so as a rule it takes several weeks before the husband has penetrated his wife the amputation is executed in the home by a midwife the family has a big party when it is executed and everybody is happy the women sing and shout in order to overrule the cries of pain from the child if everything turns out well the parents are congratulated that the girl did not lose too much blood the custom to circumcise the girls is years old this amputation is called pharaonic circumcision everybody does that with their daughters except the tiny,wife the amputation is executed at home by a midwife the family has a big party and everybody is happy the women sing and shout in order to drown the cries of pain from the child if every thing turns out well the parents are congratulated that big mama rag vol a no counterrevolutionary the implicit answer is no that answer becomes explicit in her volume my house which brings the revolution off the streets and into her,10,10,318_w10,1613_w10,1500,1700,1500,1700,1786,2070,minimal_reuse
GoldFlower,BigMammaRag,318,1613,1975-09-01,1975-09-01,0.07356948228882834,0.2120451693851945,0.15665489454664805,girls is years old this amputation is called pharaonic circumcision everybody does,a big party when it is executed and everybody is happy the women sing and shout in order to overrule the cries of pain from the child if everything turns out well the parents are congratulated that the girl did not lose too much blood the custom to circumcise the girls is years old this amputation is called pharaonic circumcision everybody does that with their daughters except the tiny minority of whites the european influenced upper class also perform the circumcision even gynecologists and other physicians do it the amputation is said to be prohibited according to a law for appearance s sake that nobody heeds anyway circumcision of girls is not,power as she writes in when i die and if i ever touched a life i hope that life knows that i know that touching was and still is and will always be the true revolu tion maimed the girl did not lose too much blood the custom of circumcising girls is years old this amputation is called pharaonic circumcision everybody does this to their daughters except for the tiny minority of whites who are held in contempt they represent the occupation forces of past centuries who have stayed on european influenced upper class sudanese also practice this circumcision even gynecologists and physicians do it the amputation is said to be prohibited,10,12,318_w10,1613_w12,1500,1700,1800,2000,1786,2070,minimal_reuse
GoldFlower,BigMammaRag,318,1613,1975-09-01,1975-09-01,0.07167235494880546,0.23392718822618125,0.16902525491523093,physicians do it the amputation is said to be prohibited,congratulated that the girl did not lose too much blood the custom to circumcise the girls is years old this amputation is called pharaonic circumcision everybody does that with their daughters except the tiny minority of whites the european influenced upper class also perform the circumcision even gynecologists and other physicians do it the amputation is said to be prohibited according to a law for appearance s sake that nobody heeds anyway circumcision of girls is not discussed is never mentioned in newspapers tv or radio and the people refuse to talk about it with foreigners i feel powerless translator s note the custom of clitoridectomy and infibulation which is,except for the tiny minority of whites who are held in contempt they represent the occupation forces of past centuries who have stayed on european influenced upper class sudanese also practice this circumcision even gynecologists and physicians do it the amputation is said to be prohibited by law for appearances sake circumci sion of girls is not discussed is never mentioned in the media and the people refuse to discuss it with foreigners i feel power less the only thing i can do is to create publicity abroad in order to create pressure on the sudan,10,13,318_w10,1613_w13,1500,1700,1950,2070,1786,2070,minimal_reuse
GoldFlower,BigMammaRag,323,1585,1975-09-01,1975-01-01,0.041044776119402986,0.1806797853309481,0.12482578164633006,yvonne wanrow s legal defense fund seattle first national bank,following example letter sign it stamp it and get it in the mail as soon as possible yvonne is poor has no income and her family needs her she cannot win her freedom alone with a new trial yvonne s financial needs are greatly intensified donations can be sent to yvonne wanrow s legal defense fund seattle first national bank north spokane branch account spokane washington letters of support and copies of the letters to the governor can be sent to yvonne wanrow s indian legal defense committee p o box inchelium washington sample letter honorable daniel j evans governor of the state of washington capitol building olympia washington dear,can be sent to national abortion rights action league room w th street new york ny support our advertisers they help support us yvonne wanrow s legal defense fund seattle first national bank spokane branch account spokane wa petitions can be obtained from yvonne s indian legal defense committee w broadway spokane wa letters demanding that the charges be dropped should be addressed to governor daniel j evans state capitol building olympia wa with copies sent to yvonne s indian legal defense committee,0,10,323_w0,1585_w10,0,200,1500,1595,629,1595,minimal_reuse
GoldFlower,AintIAWoman,365,884,1975-02-01,1974-05-01,0.16666666666666666,0.2702702702702703,0.22882882882882882,i m sorry but the text you provided appears to be incomplete or,i m sorry but the text you provided appears to be incomplete or nonsensical please provide a longer or more coherent segment of text for correction,i m sorry but the text you provided appears to be incomplete or garbled making it difficult to correct while preserving meaning and context if you have a more complete or clearer version of the text please provide it and i will be happy to assist you with the corrections,0,0,365_w0,884_w0,0,26,0,50,26,50,partial_reuse
GoldFlower,BigMammaRag,366,1529,1975-02-01,1975-04-01,0.05361930294906166,0.25111252383979654,0.1721152354835026,has been scattered among various law enforcement agencies making it extremely difficult for defense attorneys to locate and,been requested to hire a criminologist to investigate her case but the state refuses to provide her with the money a criminologist will cost thousands of dollars and the testimony of such an expert is crucial to the outcome of her trial vital evidence such as the jailer s clothing has been scattered among various law enforcement agencies making it extremely difficult for defense attorneys to locate and have this material examined requests that the evidence be kept safely in one,medical examiner s testimony and report which confirm little s story were not ad mitted attorneys for little s defense say the trial will be a difficult one many of little s supporters say a fair trial in north carolina will be impossible for example vital evidence for the case has been scattered among various law enforcement agencies making it extremely difficult for defense attorneys to locate and examine the material defense requests that evidence be kept safely in one place have been denied in addition the defense s re quest for funds to hire an expert criminologist to investigate the case has been denied this is a precedent setting case in many many ways said defense attorney,4,1,366_w4,1529_w1,600,800,150,350,1862,2181,minimal_reuse
GoldFlower,BigMammaRag,366,1529,1975-02-01,1975-04-01,0.05929919137466307,0.1888412017167382,0.13702439757990814,has been scattered among various law enforcement agencies making it extremely difficult for defense attorneys to locate and,such an expert is crucial to the outcome of her trial vital evidence such as the jailer s clothing has been scattered among various law enforcement agencies making it extremely difficult for defense attorneys to locate and have this material examined requests that the evidence be kept safely in one place have been denied human life and human rights at stake our first goal is to save joanne s life in the process her trial will bring to light a number of extremely important issues the very,medical examiner s testimony and report which confirm little s story were not ad mitted attorneys for little s defense say the trial will be a difficult one many of little s supporters say a fair trial in north carolina will be impossible for example vital evidence for the case has been scattered among various law enforcement agencies making it extremely difficult for defense attorneys to locate and examine the material defense requests that evidence be kept safely in one place have been denied in addition the defense s re quest for funds to hire an expert criminologist to investigate the case has been denied this is a precedent setting case in many many ways said defense attorney,5,1,366_w5,1529_w1,750,950,150,350,1862,2181,minimal_reuse
GoldFlower,BigMammaRag,379,1525,1975-03-01,1975-04-01,0.17964071856287425,0.4648997134670487,0.3507961155053789,ihs area director john davis issued a directive to employees to refrain from speaking to the press and to use ihs channels for all complaints,oklahoma investigations denials hearings and transfers have followed in the wake of charges of widespread sterilization of young native women in the u s operated indian health service hospital although native nurses and staff employed at the hospital had been making complaints through ihs channels since last june without results ihs area director john davis issued a directive to employees to refrain from speaking to the press and to use ihs channels for all complaints upon penalty of dismissal dr richard w stander who has received a number of usphs grants in the past for scientific investigation regarding pregnant poverty status women in indiana and ohio was sent to claremore by the u s depart ment of health education and welfare he stated that he,as genocide rewritten by caroli hille claremore oklahoma investigations have been made concerning numerous sterilizations of young native women in the u s operated in dian health service hospital native nurses and staff at the hospital have complained of these practices through ihs channels without result since last june nevertheless ihs area director john davis issued a directive to employees to refrain from speaking to the press and to use ihs channels for all complaints under penalty of dismissal dr richard w stander who has conducted studies on preg nant poverty status women in indiana and ohio under usphs grants in the past investigated for the department of health education and welfare the charges made at claremore he stated that the rate of sterilizations was,0,0,379_w0,1525_w0,0,200,0,200,1388,1555,partial_reuse
GoldFlower,BigMammaRag,379,1525,1975-03-01,1975-04-01,0.028720626631853787,0.18309859154929578,0.12134740558231899,extensive counseling by medical and social service personnel he said,in the past for scientific investigation regarding pregnant poverty status women in indiana and ohio was sent to claremore by the u s depart ment of health education and welfare he stated that he found no support for the allegations of genocide saying all sterilization procedures are performed only after extensive counseling by medical and social service personnel he said the rate of sterilizations was not unusual dr connie uri a los angeles physician and a native woman replied with statistics which said differently in the fiscal year there were native women sterilized at claremore of these were non therapeutic meaning they had the sole purpose of rendering,extensive counseling by medical and social service personnel he said legitimate birth control emery a johnson director of the indian health service told questioning congressmen that ihs considered non therapeutic sterilization a legitimate method of family planning we would be concern ed only if these procedures were performed under coercion or if there was evidence that the operations were carried,0,1,379_w0,1525_w1,0,200,150,350,1388,1555,minimal_reuse
GoldFlower,BigMammaRag,379,1525,1975-03-01,1975-04-01,0.07945205479452055,0.24487259167184586,0.17870437692091573,emery a johnson director of the indian health service told questioning congressmen that ihs,uri said that consent forms are written in english of a grade level and many women may not understand what they are signing she said there should also be a policy of informed consent addressing a family planning program that offers other means of birth control and instituting extensive counseling emery a johnson director of the indian health service told questioning congressmen that ihs con sidered non therapeutic sterilization a legitimate method of family planning we would be concerned only if these procedures were performed under coercion or if there was evidence that the operations were carried out without informed voluntary consent we are not aware,health education and welfare the charges made at claremore he stated that the rate of sterilizations was not unusual and that he found no support for allegations of genocide all sterilization procedures are per formed only after extensive counseling by medical and social service personnel he said legitimate birth control emery a johnson director of the indian health service told questioning congressmen that ihs considered non therapeutic sterilization a legitimate method of family planning we would be concern ed only if these procedures were performed under coercion,1,0,379_w1,1525_w0,150,350,0,200,1388,1555,minimal_reuse
GoldFlower,BigMammaRag,379,1525,1975-03-01,1975-04-01,0.2468354430379747,0.4909365558912387,0.3932961107499331,is sterilizing one woman for every seven births that occur in the hospital this is genocide to indian people dr uri said,said differently in the fiscal year there were native women sterilized at claremore of these were non therapeutic meaning they had the sole purpose of rendering a young woman incapable of reproduction from the ihs records of indian women are of child bearing age or women claremore was and still is sterilizing one woman for every seven births that occur in the hospital this is genocide to indian people dr uri said that consent forms are written in english of a grade level and many women may not understand what they are signing she said there should also be a policy of informed consent addressing a family planning program that offers other means of birth control and instituting extensive counseling emery a,and hew officials came from dr connie uri los angeles physician and a native woman she said that during the fiscal year native women were sterilized of them for non therapeutic reasons from the ihs records of indian women are of child bearing age or women claremore was still and is sterilizing one woman for every seven births that occur in the hospital this is genocide to indian people dr uri said further that the consent forms are written in grade english and may not be understood by,1,1,379_w1,1525_w1,150,350,150,350,1388,1555,partial_reuse
GoldFlower,BigMammaRag,379,1525,1975-03-01,1975-04-01,0.07671232876712329,0.1735187424425635,0.1347961769723874,is sterilizing one woman for every seven births that occur in the hospital this is genocide to indian people dr uri said,said differently in the fiscal year there were native women sterilized at claremore of these were non therapeutic meaning they had the sole purpose of rendering a young woman incapable of reproduction from the ihs records of indian women are of child bearing age or women claremore was and still is sterilizing one woman for every seven births that occur in the hospital this is genocide to indian people dr uri said that consent forms are written in english of a grade level and many women may not understand what they are signing she said there should also be a policy of informed consent addressing a family planning program that offers other means of birth control and instituting extensive counseling emery a,women are of child bearing age or women claremore was still and is sterilizing one woman for every seven births that occur in the hospital this is genocide to indian people dr uri said further that the consent forms are written in grade english and may not be understood by many of the women signing them zero population growth may be all right for the white man because he s crowding this continent but for the indian it s genocidal let s control our,1,2,379_w1,1525_w2,150,350,300,500,1388,1555,minimal_reuse
GoldFlower,BigMammaRag,379,1525,1975-03-01,1975-04-01,0.050666666666666665,0.1807511737089202,0.1287173708920188,non therapeutic sterilization a legitimate method of family planning we would be,indian health service told questioning congressmen that ihs con sidered non therapeutic sterilization a legitimate method of family planning we would be concerned only if these procedures were performed under coercion or if there was evidence that the operations were carried out without informed voluntary consent we are not aware of any instance in which such services have been abused an official report of the senate subcommittee con firmed that the hospital,sterilizations was not unusual and that he found no support for allegations of genocide all sterilization procedures are per formed only after extensive counseling by medical and social service personnel he said legitimate birth control emery a johnson director of the indian health service told questioning congressmen that ihs considered non therapeutic sterilization a legitimate method of family planning we would be concern ed only if these procedures were performed under coercion,2,0,379_w2,1525_w0,300,500,0,200,1388,1555,minimal_reuse
GoldFlower,BigMammaRag,379,1525,1975-03-01,1975-04-01,0.16224188790560473,0.36758620689655175,0.2854484793001729,only if these procedures were performed under coercion or if there was evidence that the operations were carried out without informed,indian health service told questioning congressmen that ihs con sidered non therapeutic sterilization a legitimate method of family planning we would be concerned only if these procedures were performed under coercion or if there was evidence that the operations were carried out without informed voluntary consent we are not aware of any instance in which such services have been abused an official report of the senate subcommittee con firmed that the hospital s sterilization procedures do not set forth as clearly as possible the fact that the procedures are irreversible however to sterilize any,extensive counseling by medical and social service personnel he said legitimate birth control emery a johnson director of the indian health service told questioning congressmen that ihs considered non therapeutic sterilization a legitimate method of family planning we would be concern ed only if these procedures were performed under coercion or if there was evidence that the operations were carried out without informed consent we are not aware of any instance in which such services have been abused however a report of the senate subcommittee said that the hospital s sterilization program does not set forth as clearly as possible that the procedures are irreversible information contrary to that given by ihs and,2,1,379_w2,1525_w1,300,500,150,350,1388,1555,partial_reuse
GoldFlower,BigMammaRag,379,1525,1975-03-01,1975-04-01,0.0856353591160221,0.18469015795868773,0.14506823842162148,zero population growth may be all right for the white man because he s crowding this continent,the senate subcommittee con firmed that the hospital s sterilization procedures do not set forth as clearly as possible the fact that the procedures are irreversible however to sterilize any women for non therapeutic reasons in their teens or in their twenties is absolutely callous and criminal dr uri said zero population growth may be all right for the white man because he s crowding this continent says dr uri but for the indian it s genocidal let s control our own reproduction instead of meeting the demands of the white economic social values at a meeting before a regional ihs board dr uri attacked arguments that a poor woman with several children was better off sterilized,or women claremore was still and is sterilizing one woman for every seven births that occur in the hospital this is genocide to indian people dr uri said further that the consent forms are written in grade english and may not be understood by many of the women signing them zero population growth may be all right for the white man because he s crowding this continent but for the indian it s genocidal let s control our own reproduc tion instead of meeting the demands of the white economic social values international women s year mob violence breaks up women s year demonstration from combined reports from majority report correspondents from paris and lisbon the following,2,2,379_w2,1525_w2,300,500,300,500,1388,1555,minimal_reuse
GoldFlower,BigMammaRag,379,1525,1975-03-01,1975-04-01,0.16964285714285715,0.39009287925696595,0.3019128704113224,a recent survey by vasquez carsada at the university of puerto rico indicates that while in only of the women of the island were sterilized now,board dr uri attacked arguments that a poor woman with several children was better off sterilized she s still going to be poor she just won t be able to have more children dr uri maintained native people demonstrate for end to sterilization practices at claremore and in puerto rico a recent survey by vasquez carsada at the university of puerto rico indicates that while in only of the women of the island were sterilized now over one third of the women who are of child bearing age will ever again have children the puerto rican government is considering developing an even wider network of sterilization centers sterilization of native women dr helen rodriguez trained and practiced medicine in puerto rico she gives information useful in,the women lit the fires the crowd closed in it was impossi attacking the belief that a poor woman with several children is better off sterilized dr uri said she s still going to be poor she just won t be able to have more children lns puerto rican women a recent survey by vasquez carsada at the university of puerto rico indicates that while in only of the women of the island were sterilized now only one third of puerto rican women of child bearing age will be able to have children again the puerto rican government is considering development of a still wider network of steriliza tion centers preferring to limit population rather than america backed industrializa tion on the space limited island dr,3,4,379_w3,1525_w4,450,650,600,800,1388,1555,partial_reuse
GoldFlower,BigMammaRag,379,1525,1975-03-01,1975-04-01,0.10674157303370786,0.23691275167785236,0.18484428022019456,most of the women have had some failure in contraceptive use and do not have access to,native women dr helen rodriguez trained and practiced medicine in puerto rico she gives information useful in under standing how native women may fall victim to steriliza tion even by their own consent by and large it s the women with the least education who get sterilized dr rodríguez says most of the women have had some failure in contraceptive use and do not have access to contraceptives on an equal level with women who are,tion on the space limited island dr helen rodriguez who trained and practiced medicine in puerto rico tells how native women may be induced to accept sterilization by their own consent poor women victims by and large it s the women with the least education who get sterilized she said most of the women have had some failure in contraceptive use and do not have access to contracep tives on an equal level with women who are not sterilized she charges that the puerto rican government is unhappy about a supreme court decision legalizing abortion since fewer women will now resort to sterilization dr rodriguez said that other temporary methods of birth con trol are not fairly,3,5,379_w3,1525_w5,450,650,750,950,1388,1555,minimal_reuse
GoldFlower,BigMammaRag,379,1525,1975-03-01,1975-04-01,0.1761194029850746,0.36799410029498525,0.291244221371021,on an equal level with women who are not sterilized she charges that the puerto rican government is unhappy about a supreme court decision legalizing,steriliza tion even by their own consent by and large it s the women with the least education who get sterilized dr rodríguez says most of the women have had some failure in contraceptive use and do not have access to contraceptives on an equal level with women who are not sterilized she charges that the puerto rican government is unhappy about a supreme court decision legalizing abortions because this means fewer women will turn to sterilization to prevent conception if you deny a woman a way out in a situation that she considers desperate and on the other hand you open the door to another way which is sponsored by the government which is free which,native women may be induced to accept sterilization by their own consent poor women victims by and large it s the women with the least education who get sterilized she said most of the women have had some failure in contraceptive use and do not have access to contracep tives on an equal level with women who are not sterilized she charges that the puerto rican government is unhappy about a supreme court decision legalizing abortion since fewer women will now resort to sterilization dr rodriguez said that other temporary methods of birth con trol are not fairly presented as alternatives to sterilization and that many women are led to believe that the operation can be reversed which it cannot the pill widely used ex,4,5,379_w4,1525_w5,600,800,750,950,1388,1555,partial_reuse
GoldFlower,BigMammaRag,379,1525,1975-03-01,1975-04-01,0.053475935828877004,0.2528052805280528,0.17307354264838248,to sterilization and that many women are led to believe that,fairly as an alternative to sterilization and that many women are led to believe that when they again desire to have children that the operation can be reversed it cannot ironically the pill was first used in puerto rico on a wide level for purposes of experimentation in with levels of estrogen that are now considered quite unsafe now that contraceptive pills are safe for,an equal level with women who are not sterilized she charges that the puerto rican government is unhappy about a supreme court decision legalizing abortion since fewer women will now resort to sterilization dr rodriguez said that other temporary methods of birth con trol are not fairly presented as alternatives to sterilization and that many women are led to believe that the operation can be reversed which it cannot the pill widely used ex perimentally in puerto rico in with estrogen levels now considered unsafe is now safe and so expensive that most puerto rican women cannot buy it a study by the public citizen s health research group reported that,5,5,379_w5,1525_w5,750,950,750,950,1388,1555,minimal_reuse
GoldFlower,BigMammaRag,379,1525,1975-03-01,1975-04-01,0.07945205479452055,0.3029294274300932,0.21353847837586415,in fact medical staff pressures are often brought to bear upon the intern who balks at such,to consider limiting the population rather than limiting industrialization a study by the public citizen s health research group p st nw washington d c reported that often sterilizations are sold by physicians who request women to sign sterilization consent forms while they are in the labor pains of childbirth in fact medical staff pressures are often brought to bear upon the intern who balks at such practices the report said other studies have shown that the three factors that contribute most to later regret over sterilization are being very young most of the women sterilized at claremore are,used ex perimentally in puerto rico in with estrogen levels now considered unsafe is now safe and so expensive that most puerto rican women cannot buy it a study by the public citizen s health research group reported that often physicians get women to sign consent forms while in labor in fact medical staff pressures are often brought to bear upon the intern who balks at such procedures the report said other studies indicate that the three factors contributing most to later regret over sterilization are the women being very young at claremore in their teens and twenties having decided under duress and sterilization suggested by the physician rather than the patient as many as one in,5,6,379_w5,1525_w6,750,950,900,1100,1388,1555,minimal_reuse
GoldFlower,BigMammaRag,379,1525,1975-03-01,1975-04-01,0.09749303621169916,0.3215223097112861,0.2319106003114513,in fact medical staff pressures are often brought to bear upon the intern who balks at such,childbirth in fact medical staff pressures are often brought to bear upon the intern who balks at such practices the report said other studies have shown that the three factors that contribute most to later regret over sterilization are being very young most of the women sterilized at claremore are in their teens and twenties deciding under duress the procedure suggested by the physician rather than the patient,used ex perimentally in puerto rico in with estrogen levels now considered unsafe is now safe and so expensive that most puerto rican women cannot buy it a study by the public citizen s health research group reported that often physicians get women to sign consent forms while in labor in fact medical staff pressures are often brought to bear upon the intern who balks at such procedures the report said other studies indicate that the three factors contributing most to later regret over sterilization are the women being very young at claremore in their teens and twenties having decided under duress and sterilization suggested by the physician rather than the patient as many as one in,6,6,379_w6,1525_w6,900,1100,900,1100,1388,1555,minimal_reuse
GoldFlower,BigMammaRag,379,1525,1975-03-01,1975-04-01,0.20245398773006135,0.3147410358565737,0.2698262166059687,as physicians we have obligations to our individual patients but we also have obligations to the society of which we are a part the welfare mess as it has been called cries out for solutions one of which is fertility control,himself to remedy the affairs of the world as he sees it people pollute and too many people crowded too close together cause many of our social and economic problems these in turn are aggravated by involuntary and irresponsible parenthood wrote one doctor in contemporary ob gyn a medical journal as physicians we have obligations to our individual patients but we also have obligations to the society of which we are a part the welfare mess as it has been called cries out for solutions one of which is fertility control this is your population control center in washington d c there is an hew agency called the population control center headed by dr louis hellman it pours out money to groups working with poor people to control their births pcc started funding indian groups in and perhaps not so coincidentally,population problems is another factor in the sterilization of native women one doctor in the contemporary ob gyn a medical journal writes people pollute and too many people crowded too close together cause many of our social and economic problems these in turn are aggravated by involuntary and irresponsible parenthood as physicians we have obligations to our individual patients but we also have obligations to the society of which we are a part the welfare mess as it has been called cries out for solutions one of which is fertility control bmr staffer wins awards chocolate waters staff member of big mama rag has been awarded two certificates of achievement by the colorado press women at their annual awards banquet march she was awarded second place for a personal column in a special in terest tabloid b a as well as,7,7,379_w7,1525_w7,1050,1250,1050,1250,1388,1555,partial_reuse
DoitNow,BigMammaRag,480,1415,1974-01-01,1974-04-01,0.08264462809917356,0.2619207521826729,0.19021030254927315,a permanent responsible position with standard civil service protections and prorated fringe benefits,senate by john tunney d ca bella abzug d ny has introduced a similar bill in the house hr flexible hours is defined as part time employment such as four hours per work day or one to four days per week etc a flexible hours job is intended to be a permanent responsible position with standard civil service protections and prorated fringe benefits another section of the bill requires the secretary of labor to promote expansion of flexible hours employment practices by all public and private employers we feel the bill could especially benefit parents by making it possible for both to contribute to the rearing of their children and to the income,percent of the positions in every level in every executive agency of the federal government be made available on a part time basis part time being defined as either four hours per work day or one to four days per work week a flexible hours job is one which is a permanent responsible position with standard civil service protections and prorated fringe benefits senator tunney declared that the bill would help end the discrimination particularly against women with children imposed by the basic pattern of working hours in our society now feels that the bill could especially benefit,0,7,480_w0,1415_w7,0,200,1050,1250,499,1736,minimal_reuse
DoitNow,BigMammaRag,480,1415,1974-01-01,1974-04-01,0.05121293800539083,0.1756926952141058,0.12590079233061982,a permanent responsible position with standard civil service protections and prorated fringe benefits,senate by john tunney d ca bella abzug d ny has introduced a similar bill in the house hr flexible hours is defined as part time employment such as four hours per work day or one to four days per week etc a flexible hours job is intended to be a permanent responsible position with standard civil service protections and prorated fringe benefits another section of the bill requires the secretary of labor to promote expansion of flexible hours employment practices by all public and private employers we feel the bill could especially benefit parents by making it possible for both to contribute to the rearing of their children and to the income,which is a permanent responsible position with standard civil service protections and prorated fringe benefits senator tunney declared that the bill would help end the discrimination particularly against women with children imposed by the basic pattern of working hours in our society now feels that the bill could especially benefit parents in leaving both free to contribute to the raising of their children and to,0,8,480_w0,1415_w8,0,200,1200,1400,499,1736,minimal_reuse
DoitNow,BigMammaRag,486,1386,1973-11-01,1973-03-01,0.07065217391304347,0.20376597175521183,0.15052045261834449,to the family institution is repugnant to the idea of a woman adopting a,brennan writing the majority opinion in frontiero looked back with considerable regret on the sexist history of the court and noted that the courts have come a long way from the judicial sexism found in cases such as bradwell v illinois where the court concluded that the harmony which belongs to the family institution is repugnant to the idea of a woman adopting a distinct and independent career from that of her husband the paramount destiny and mission of woman are to fulfill the offices of wife and mother with the backdrop of that quotation the supreme court ventured again not only to concur with its decision in reed but to expand it the,or ganizations which is founded in the divine ordinance as well as in the nature of things indicates the domestic sphere as that which properly belongs to the domain and functions of womanhood the har mony not to say identity of in terests and views which belong or should belong to the family institution is repugnant to the idea of a woman adopting a dis tinct and independent career from that of her husband the actual legal basis for the decision was based upon a married wo man s inability to make and enforce contracts only her husband could do that therefore the court was wor ried about how a married woman could effectively,5,2,486_w5,1386_w2,750,950,300,500,1048,1302,minimal_reuse
AintIAWoman,BigMammaRag,767,1724,1971-11-19,1974-11-01,0.14619883040935672,0.2637992831541219,0.21675910205621582,the surface of the nipples gently press each nipple to see if any discharge occurs raise both arms over your head and look for exactly the same things note,self exam from here on you will be trying to find a lump or thickening sit or stand in front of a mirror arms relaxed at your sides and look for any change in size shape and contour also look for puckering or dimpling of the skin and changes on the surface of the nipples gently press each nipple to see if any discharge occurs raise both arms over your head and look for exactly the same things note differences,will more on page fn self exam for breast cancer sit or stand in front of your mirror arms re laxed at your sides and look for any changes in size shape contour also look for puckering or dimpling of the skin and changes in the surface of the nipples gently press each nipple to see if any discharge occurs raise both arms over your head and look for exactly the same things note differ ences since you last examined your breasts from there on you will be trying to find a lump or thickening lie down on your bed put a pillow or bath towel under your left shoulder and your left hand under your head with the fingers of your right hand,2,5,767_w2,1724_w5,300,500,750,950,628,1034,minimal_reuse
AintIAWoman,BigMammaRag,767,1724,1971-11-19,1974-11-01,0.23076923076923078,0.4288461538461538,0.3496153846153846,the surface of the nipples gently press each nipple to see if any discharge occurs raise both arms over your head and look for exactly the same things note,for any change in size shape and contour also look for puckering or dimpling of the skin and changes on the surface of the nipples gently press each nipple to see if any discharge occurs raise both arms over your head and look for exactly the same things note differences since you last examined your breasts with the same gentle pressure feel the lower inner part of your breast incidentally in this area you will feel a ridge of normal tissue don t be alarmed it s normal now bring your left arm down to your side and still,will more on page fn self exam for breast cancer sit or stand in front of your mirror arms re laxed at your sides and look for any changes in size shape contour also look for puckering or dimpling of the skin and changes in the surface of the nipples gently press each nipple to see if any discharge occurs raise both arms over your head and look for exactly the same things note differ ences since you last examined your breasts from there on you will be trying to find a lump or thickening lie down on your bed put a pillow or bath towel under your left shoulder and your left hand under your head with the fingers of your right hand,3,5,767_w3,1724_w5,450,628,750,950,628,1034,partial_reuse
AintIAWoman,BigMammaRag,767,1724,1971-11-19,1974-11-01,0.30042918454935624,0.39325842696629215,0.3561267299995178,use the same gentle pressure to feel the upper outer portion of your left breast from the nipple line to where your arm is resting,part of your breast incidentally in this area you will feel a ridge of normal tissue don t be alarmed it s normal now bring your left arm down to your side and still using the flat part of the fingers of your right hand feel under your left armpit use the same gentle pressure to feel the upper outer portion of your left breast from the nipple line to where your arm is resting and finally feel the lower outer portion of your breast going from the outer part to the nipple repeat the entire procedure as described on the right breast using the left hand for the examination medical supplement page,and going out ward toward the nipple line also feel the area around the nipple use the same gentle pressure to feel the upper outer portion of your left breast from the nipple line to where your arm is resting now bring your left arm down to your side still using the flat part of the fingers of your right hand feel under your left armpit repeat the entire procedure as described on the right breast using the left hand for the examination and finally feel the lower outer portion,3,6,767_w3,1724_w6,450,628,900,1034,628,1034,partial_reuse
AintIAWoman,BigMammaRag,826,1668,1972-08-18,1974-08-01,0.16716417910447762,0.23865199449793673,0.2100568683405531,always carries with it the threat of death and finally rape is a form of mass terrorism for the victims of rape are chosen indiscriminately but,politics of rape there is a national phenomenon in this country that promotes myths about sex and violence that are recreated in imperialist wars against third world countries rape is an act of aggression in which the victim is denied her self determination it is an act of violence which always carries with it the threat of death and finally rape is a form of mass terrorism for the victims of rape are chosen indiscriminately but our male dominated culture tells us that it is women who cause rape by being immoral or in the wrong place at the wrong time in essence by behaving as though we were free for years the male theorists of the anti war movement have spoken about the reasons america,threat of death rape is an act of aggression in which the victim is denied her self determination it is an act of violence which if not actually followed by beatings or murder nevertheless always carries with it the threat of death and finally rape is a form of mass terrorism for the victims of rape are chosen indiscriminately but the propagandists for male supremacy broadcast that it s women who cause rape by being unchaste or in the wrong place at the wrong time in essence by behaving as though they were free the threat of rape is used to deny women unemployment in cali fornia the berkeley public,2,15,826_w2,1668_w15,300,500,2250,2450,1514,2556,partial_reuse
AintIAWoman,BigMammaRag,826,1649,1972-08-18,1974-08-01,0.14912280701754385,0.2807613868116927,0.22810595489403315,men who rape are not abnormal amir writes studies indicate that sex offenders do not constitute a unique or psychopathological type nor are they as a group invariably more disturbed than the control groups to which they are compared,reactionary in relation to the third world and therefore have to be even more careful in examining our politics however the another myth that men who rape women are pathological as distinct from your basic average run of the mill male amir s study called patterns in forcible rape says men who rape are not abnormal amir writes studies indicate that sex offenders do not constitute a unique or psychopathological type nor are they as a group invariably more disturbed than the control groups to which they are compared allen taylor a parole officer who has worked with rapists in prison facilities stated the question in plainer language those men were the most normal men there they had a lot of hangups but they were the same hangups that men walking out on the street have let s just,any man who would rape a woman must be out of his mind rapists as insane though the theory that rapists are insane is a popular one this belief has no basis in fact according to professor menachem amir s study of rape cases in philadelphia patterns in forcible rape men who rape are not abnormal amir writes studies indicate that sex offenders do not constitute a unique or psychopathological type nor are they as a group invariably more disturbed than the control groups to which they are compared alan taylor a parole officer who has worked with rapists in the prison facilities at san luis obispo california stated the ques tion in plainer language those men were the most normal men,7,5,826_w7,1649_w5,1050,1250,750,950,1514,1839,minimal_reuse
AintIAWoman,BigMammaRag,826,1649,1972-08-18,1974-08-01,0.10764872521246459,0.23525377229080932,0.1842117534594714,are they as a group invariably more disturbed than the control groups to which they are compared,myth that men who rape women are pathological as distinct from your basic average run of the mill male amir s study called patterns in forcible rape says men who rape are not abnormal amir writes studies indicate that sex offenders do not constitute a unique or psychopathological type nor are they as a group invariably more disturbed than the control groups to which they are compared allen taylor a parole officer who has worked with rapists in prison facilities stated the question in plainer language those men were the most normal men there they had a lot of hangups but they were the same hangups that men walking out on the street have let s just,are they as a group invariably more disturbed than the control groups to which they are compared alan taylor a parole officer who has worked with rapists in the prison facilities at san luis obispo california stated the ques tion in plainer language those men were the most normal men there they had a lot of hang ups but they were the same hang ups as men,7,6,826_w7,1649_w6,1050,1250,900,1100,1514,1839,minimal_reuse
AintIAWoman,BigMammaRag,827,1668,1972-08-18,1974-08-01,0.12258064516129032,0.24222222222222223,0.19436559139784948,personality takes place this breaking of the personality characterizes modern life itself no simple reforms can eliminate rape as the symbolic expression of the white male hierarchy rape,wars the same men and power structure who victimize women are en gaged in the act of raping vietnam raping black people and the very earth we live upon rape is a classic act of domination where the emotions of hatred contempt and the desire to break or vio late personality takes place this breaking of the personality characterizes modern life itself no simple reforms can eliminate rape as the symbolic expression of the white male hierarchy rape,nature of male behavior must change but rape is not an isolated act that can be rooted out from patriarchy without ending patriarchy itself rape is a classic act of domination where in the words of kate millett the emotions of hatred contempt and the desire to break or violate personality takes place this breaking of the personality characterizes modern life itself no simple reforms can eliminate rape as the symbolic expression of the white male hierarchy rape is the quintessential act of our civilization one which valerie solanis warns is in danger of humping itself to death,3,16,827_w3,1668_w16,450,650,2400,2556,783,2556,minimal_reuse
AintIAWoman,BigMammaRag,827,1668,1972-08-18,1974-08-01,0.1935483870967742,0.2894736842105263,0.2511035653650255,personality takes place this breaking of the personality characterizes modern life itself no simple reforms can eliminate rape as the symbolic expression of the white male hierarchy rape is the,upon rape is a classic act of domination where the emotions of hatred contempt and the desire to break or vio late personality takes place this breaking of the personality characterizes modern life itself no simple reforms can eliminate rape as the symbolic expression of the white male hierarchy rape is the ultimate act of our civilization one which valerie solanis warns is in danger of humping itself to death this speech was written by lesbian feminists hollibaugh von bretzel crichton lindbloom this speech was given on may th at a large anti war rally in boston all publicity prior to the,nature of male behavior must change but rape is not an isolated act that can be rooted out from patriarchy without ending patriarchy itself rape is a classic act of domination where in the words of kate millett the emotions of hatred contempt and the desire to break or violate personality takes place this breaking of the personality characterizes modern life itself no simple reforms can eliminate rape as the symbolic expression of the white male hierarchy rape is the quintessential act of our civilization one which valerie solanis warns is in danger of humping itself to death,4,16,827_w4,1668_w16,600,783,2400,2556,783,2556,partial_reuse
AintIAWoman,BigMammaRag,828,1693,1972-08-18,1974-10-01,0.4233576642335766,0.5213523131672598,0.48215445359378656,primary factors that determine a person s class identity are the work she does the bulk of work working class women do is service factory or office work most often low paying and with little hope for advancement if she has a family she must work two jobs one in her home and one in the labor force work is a,from different classes generally a working class woman is one who works to support herself and or her family who depends upon her own income to this end and who has no options to fall back on for financial support such as family identification husband or other benefactors the three primary factors that determine a person s class identity are the work she does the bulk of work working class women do is service factory or office work most often low paying and with little hope for advancement if she has a family she must work two jobs one in her home and one in the labor force work is a neces sity for her not an option the bulk of work middle class women do is managerial professional or volunteer for middle class women their work is not a material necessity but an attempt to achieve fulfillment or escape boredom under the illusion that somehow their jobs are beneficial to,problems of class and caste is a giant step toward sisterhood that step must be taken now and we must all take it together part the primary factors that determine a person s class identity are the work she does the bulk of work working class women do is service factory or office work most often low paying and with little hope for advancement if she has a family she must work two jobs one in her home and one in the labor force work is a necessity for her not an option the bulk of work middle class women do is managerial professional or volunteer for middle class women their work is not a material necessity but an attempt to achieve fulfillment or escape boredom under the illusion that somehow their jobs are beneficial to the,2,14,828_w2,1693_w14,300,500,2100,2300,2840,2761,moderate_reuse
AintIAWoman,BigMammaRag,828,1714,1972-08-18,1974-11-01,0.07988980716253444,0.1768377253814147,0.13805855809386258,for middle class women their work is not a material necessity but an attempt to achieve fulfillment or escape boredom under the illusion that somehow their jobs are beneficial to the world,paying and with little hope for advancement if she has a family she must work two jobs one in her home and one in the labor force work is a neces sity for her not an option the bulk of work middle class women do is managerial professional or volunteer for middle class women their work is not a material necessity but an attempt to achieve fulfillment or escape boredom under the illusion that somehow their jobs are beneficial to the world her background the working class background a woman growing up in a work ing class family knows what it is like to,s center east sixth street tucson az after attending three meetings a woman can become a voting member big mama rag vol no letters home from page responses to class analysis dear people i would like to answer the analysis part in the october bmr in which it is stated for middle class women their work is not a material necessity but an attempt to achieve fulfillment or escape boredom under the illusion that somehow their jobs are beneficial to the world i am concerned that the analysis and the article a working class perspective tries to hang a middle class woman with some of the very same things that men try to hang on middle class women i would suggest your reading survival in the sexual jungle by andrew dee brin,2,11,828_w2,1714_w11,300,500,1650,1850,2840,2175,minimal_reuse
AintIAWoman,BigMammaRag,828,1693,1972-08-18,1974-10-01,0.2364217252396166,0.3890577507598784,0.3280033405517737,class family knows what it is like to have material needs her labor power is important from the time she is small and often she begins supporting herself while still in her teens schools and parents try to,their work is not a material necessity but an attempt to achieve fulfillment or escape boredom under the illusion that somehow their jobs are beneficial to the world her background the working class background a woman growing up in a work ing class family knows what it is like to have material needs her labor power is important from the time she is small and often she begins supporting herself while still in her teens schools and parents try to channel her into learning practical skills for survival such as home ec and secretarial skills rather than college prep courses if she rebels against this she learns no skills and must work at the lowest paying non skilled jobs or resort to prostitu tion if she aspires and goes on,managerial professional or volunteer for middle class women their work is not a material necessity but an attempt to achieve fulfillment or escape boredom under the illusion that somehow their jobs are beneficial to the world her background the working class back ground a woman growing up in a working class family knows what it is like to have material needs her labor power is important from the time she is small and often she begins supporting herself while still in her teens schools and parents try to page channel her into learning practical skills for survival such,3,14,828_w3,1693_w14,450,650,2100,2300,2840,2761,partial_reuse
AintIAWoman,BigMammaRag,828,1693,1972-08-18,1974-10-01,0.5254901960784314,0.6831421006178288,0.6200813388020698,class family knows what it is like to have material needs her labor power is important from the time she is small and often she begins supporting herself while still in her teens schools and parents try to,their work is not a material necessity but an attempt to achieve fulfillment or escape boredom under the illusion that somehow their jobs are beneficial to the world her background the working class background a woman growing up in a work ing class family knows what it is like to have material needs her labor power is important from the time she is small and often she begins supporting herself while still in her teens schools and parents try to channel her into learning practical skills for survival such as home ec and secretarial skills rather than college prep courses if she rebels against this she learns no skills and must work at the lowest paying non skilled jobs or resort to prostitu tion if she aspires and goes on,a working class family knows what it is like to have material needs her labor power is important from the time she is small and often she begins supporting herself while still in her teens schools and parents try to page channel her into learning practical skills for survival such as home ec and secre tarial skills rather than college prep courses if she rebels against this she learns no skills and must work at the lowest paying non skilled jobs or resort to prostitution if she aspires and goes,3,15,828_w3,1693_w15,450,650,2250,2450,2840,2761,moderate_reuse
AintIAWoman,BigMammaRag,828,1714,1972-08-18,1974-11-01,0.06868131868131869,0.1649550706033376,0.12644556983453004,their work is not a material necessity but an attempt to achieve fulfillment or escape boredom under the illusion that somehow their jobs are beneficial to the world,their work is not a material necessity but an attempt to achieve fulfillment or escape boredom under the illusion that somehow their jobs are beneficial to the world her background the working class background a woman growing up in a work ing class family knows what it is like to have material needs her labor power is important from the time she is small and often she begins supporting herself while still in her teens schools and parents,street tucson az after attending three meetings a woman can become a voting member big mama rag vol no letters home from page responses to class analysis dear people i would like to answer the analysis part in the october bmr in which it is stated for middle class women their work is not a material necessity but an attempt to achieve fulfillment or escape boredom under the illusion that somehow their jobs are beneficial to the world i am concerned that the analysis and the article a working class perspective tries to hang a middle class woman with some of the very same things that men try to hang on middle class women i would suggest your reading survival in the sexual jungle by andrew dee brin,3,11,828_w3,1714_w11,450,650,1650,1850,2840,2175,minimal_reuse
AintIAWoman,BigMammaRag,828,1693,1972-08-18,1974-10-01,0.2236024844720497,0.37582903463522477,0.31493841456995475,a woman growing up in a middle class family learns the skills necessary to make it in the system she learns the proper ways of speaking and relating to people she develops self confidence through the security of her social environment she is assured of a college,loans and scholar ships and receives little help finding employment after graduation the middle class background a woman growing up in a middle class family learns the skills necessary to make it in the system she learns the proper ways of speaking and relating to people she develops self confidence through the security of her social environment she is assured of a college edu cation learns what is expected of her and is promised a social position she has the luxury of sampling the latest fads experimenting with different life styles or doing things just for the experience because she knows that she can always get money from her parents if she needs,paying non skilled jobs or resort to prostitution if she aspires and goes on to college she finds it a constant struggle because she lacks the right contacts she has great difficulty learning about loans and scholarships and receives little help finding employment after graduation the middle class back ground a woman growing up in a middle class family learns the skills necessary to make it in the system she learns the proper ways of speaking and relating to people she develops self confidence through the security of her social environment she is assured of a college educa tion learns what is expected of her and is promised a social position she has the luxury of sampling the latest fads experimenting with dif,4,15,828_w4,1693_w15,600,800,2250,2450,2840,2761,partial_reuse
AintIAWoman,BigMammaRag,828,1693,1972-08-18,1974-10-01,0.572,0.7109602327837051,0.6553761396702231,or doing things just for the experience because she knows that she can always get money from her parents if she needs it when she takes a low paying job it is temporary because she has the skills contacts and education to either find another job or to align herself with a middle class man her relationship with men this is the most important determinant of class identity the economic class system is a hierarchy of power among men a woman s class,speaking and relating to people she develops self confidence through the security of her social environment she is assured of a college edu cation learns what is expected of her and is promised a social position she has the luxury of sampling the latest fads experimenting with different life styles or doing things just for the experience because she knows that she can always get money from her parents if she needs it when she takes a low paying job it is temporary because she has the skills contacts and education to either find another job or to align herself with a middle class man her relationship with men this is the most important determinant of class identity the economic class system is a hierarchy of power among men a woman s class identity is determined by her relationship to men first by her father later by her husband the higher up her man is in the class hierarchy,speaking and relating to people she develops self confidence through the security of her social environment she is assured of a college educa tion learns what is expected of her and is promised a social position she has the luxury of sampling the latest fads experimenting with dif ferent lifestyles or doing things just for the experience because she knows that she can always get money from her parents if she needs it when she takes a low paying job it is temporary because she has the skills contacts and education to either find another job or to align herself with a middle class man her relationship with men this is the most important determinant of class identity the economic class system is a hierarchy of power among men a woman s class identi ty is determined by her relationship to men first by her father later by her husband the higher up her man is in the class hierarchy the more she benefits from the system the wife of a middle class man need not work for her survival outside of her,4,16,828_w4,1693_w16,600,800,2400,2600,2840,2761,moderate_reuse
AintIAWoman,BigMammaRag,828,1693,1972-08-18,1974-10-01,0.2508038585209003,0.3087195600942655,0.28555327946491943,is determined by her relationship to men first by her father later by her husband the higher up her man is in the class hierarchy the more she benefits from the system the wife of a middle class man need not work for her survival outside of her home because she is provided for by her husband she is economically,this is the most important determinant of class identity the economic class system is a hierarchy of power among men a woman s class identity is determined by her relationship to men first by her father later by her husband the higher up her man is in the class hierarchy the more she benefits from the system the wife of a middle class man need not work for her survival outside of her home because she is provided for by her husband she is economically dependent on him the wife of a working class man is forced to be economically de pendent upon herself the family cannot make ends meet on the husband s income alone the single woman is obviously working class ignoring a few token exceptions because women are the lowest paid workers,has the skills contacts and education to either find another job or to align herself with a middle class man her relationship with men this is the most important determinant of class identity the economic class system is a hierarchy of power among men a woman s class identi ty is determined by her relationship to men first by her father later by her husband the higher up her man is in the class hierarchy the more she benefits from the system the wife of a middle class man need not work for her survival outside of her home because she is provided for by her husband she is economically depend ent on,5,16,828_w5,1693_w16,750,950,2400,2600,2840,2761,partial_reuse
AintIAWoman,BigMammaRag,828,1693,1972-08-18,1974-10-01,0.42592592592592593,0.5073260073260073,0.47476597476597476,her husband the higher up her man is in the class hierarchy the more she benefits from the system the wife of a middle class man need not work for her survival outside of her home because she is provided for by her husband she is economically,this is the most important determinant of class identity the economic class system is a hierarchy of power among men a woman s class identity is determined by her relationship to men first by her father later by her husband the higher up her man is in the class hierarchy the more she benefits from the system the wife of a middle class man need not work for her survival outside of her home because she is provided for by her husband she is economically dependent on him the wife of a working class man is forced to be economically de pendent upon herself the family cannot make ends meet on the husband s income alone the single woman is obviously working class ignoring a few token exceptions because women are the lowest paid workers,her husband the higher up her man is in the class hierarchy the more she benefits from the system the wife of a middle class man need not work for her survival outside of her home because she is provided for by her husband she is economically depend ent on him the wife of a working class man is forced to be economically dependent upon herself the family cannot make ends meet on the husband s income alone the single woman is obvi ously working class ignoring a few token exceptions because women are the lowest paid,5,17,828_w5,1693_w17,750,950,2550,2750,2840,2761,moderate_reuse
AintIAWoman,BigMammaRag,871,1668,1973-06-22,1974-08-01,0.16716417910447762,0.24022346368715083,0.21099974985408154,always carries with it the threat of death and finally rape is a form of mass terrorism for the victims of rape are chosen indiscriminately but,rape is an act of aggression in which the victim is denied her self determination it is an act of violence which always carries with it the threat of death and finally rape is a form of mass terrorism for the victims of rape are chosen indiscriminately but our male dominated culture tells us that it is women who cause rape by being immoral or in the wrong place at the wrong time in essence by behaving as though we were free vietnam a feminist analysis a t a w august a hour rape crisis line is being,threat of death rape is an act of aggression in which the victim is denied her self determination it is an act of violence which if not actually followed by beatings or murder nevertheless always carries with it the threat of death and finally rape is a form of mass terrorism for the victims of rape are chosen indiscriminately but the propagandists for male supremacy broadcast that it s women who cause rape by being unchaste or in the wrong place at the wrong time in essence by behaving as though they were free the threat of rape is used to deny women unemployment in cali fornia the berkeley public,0,15,871_w0,1668_w15,0,200,2250,2450,661,2556,partial_reuse
AintIAWoman,BigMammaRag,871,1492,1973-06-22,1975-02-01,0.06498194945848375,0.18467741935483872,0.13679923139629674,send to tide collective no western room los angeles calif bulk rates available upon request,to read their poetry an anthology of the st and nd annual all women s poetry readings held in iowa city available april thru action studies jefferson bldg iowa city iowa lesbian tides a voice of the lesbian feminist community sisters subscribe now per year in us for sample copy send to tide collective no western room los angeles calif bulk rates available upon request libera excellent anais nin we re a new woman s journal with poetry graphics articles fiction issue issue subscription libera eshleman hall u of calif berkeley california women s law collective iowa city iowa the lesbian paper of chicago institutions,are artists will feel the joy in developing this aspect of womanculture and realize that for great art there must also be great audiences the lesbian tide a voice of the feminist lesbian community sisters subscribe now per year in u s for sample copy institutional rate send to tide collective no western room los angeles calif bulk rates available upon request sub total shipping charge living a lesbian newsletter address p o box balto md subscriptions for issues bulk for copies paid my dues quarterly journal of women music woman s soul publishing inc box milwaukee wi yr us beyond,1,9,871_w1,1492_w9,150,350,1350,1451,661,1451,minimal_reuse
